[
  {
    "cidade": "Acorizal",
    "url": "https://www.mbi.com.br/mbi/files/media/image/simbolopedia/municipio-acorizal-bandeira-mini-brcomt0401600102.jpg"
  },
  {
    "cidade": "Água Boa",
    "url": "https://www.mbi.com.br/mbi/files/media/image/simbolopedia/municipio-agua-boa-bandeira-mini-brcomt0201000201.jpg"
  },
  {
    "cidade": "Alta Floresta",
    "url": "https://www.mbi.com.br/mbi/files/media/image/simbolopedia/municipio-alta-floresta-bandeira-mini-brcomt0100200250.jpg"
  },
  {
    "cidade": "Alto Araguaia",
    "url": "https://www.mbi.com.br/mbi/files/media/image/simbolopedia/municipio-alto-araguaia-bandeira-mini-brcomt0502200300.jpg"
  },
  {
    "cidade": "Alto Boa Vista",
    "url": "https://www.mbi.com.br/mbi/files/media/image/simbolopedia/municipio-alto-boa-vista-bandeira-mini-brcomt0200900359.jpg"
  },
  {
    "cidade": "Alto Garças",
    "url": "https://www.mbi.com.br/mbi/files/media/image/simbolopedia/municipio-alto-garcas-bandeira-mini-brcomt0502200409.jpg"
  },
  {
    "cidade": "Alto Paraguai",
    "url": "https://www.mbi.com.br/mbi/files/media/image/simbolopedia/municipio-alto-paraguai-bandeira-mini-brcomt0401500508.jpg"
  },
  {
    "cidade": "Alto Taquari",
    "url": "https://www.mbi.com.br/mbi/files/media/image/simbolopedia/municipio-alto-taquari-bandeira-mini-brcomt0502200607.jpg"
  },
  {
    "cidade": "Apiacás",
    "url": "https://www.mbi.com.br/mbi/files/media/image/simbolopedia/municipio-apiacas-bandeira-mini-brcomt0100200805.jpg"
  },
  {
    "cidade": "Araguaiana",
    "url": "https://www.mbi.com.br/mbi/files/media/image/simbolopedia/municipio-araguaiana-bandeira-mini-brcomt0201101001.jpg"
  },
  {
    "cidade": "Araguainha",
    "url": "https://www.mbi.com.br/mbi/files/media/image/simbolopedia/municipio-araguainha-bandeira-mini-brcomt0502001209.jpg"
  },
  {
    "cidade": "Araputanga",
    "url": "https://www.mbi.com.br/mbi/files/media/image/simbolopedia/municipio-araputanga-bandeira-mini-brcomt0301401258.jpg"
  },
  {
    "cidade": "Arenápolis",
    "url": "https://www.mbi.com.br/mbi/files/media/image/simbolopedia/municipio-arenapolis-bandeira-mini-brcomt0401501308.jpg"
  },
  {
    "cidade": "Aripuanã",
    "url": "https://www.mbi.com.br/mbi/files/media/image/simbolopedia/municipio-aripuana-bandeira-mini-brcomt0100101407.jpg"
  },
  {
    "cidade": "Barão De Melgaço",
    "url": "https://www.mbi.com.br/mbi/files/media/image/simbolopedia/municipio-barao-de-melgaco-bandeira-mini-brcomt0401801605.jpg"
  },
  {
    "cidade": "Barra Do Bugres",
    "url": "https://www.mbi.com.br/mbi/files/media/image/simbolopedia/municipio-barra-do-bugres-bandeira-mini-brcomt0301301704.jpg"
  },
  {
    "cidade": "Barra Do Garças",
    "url": "https://www.mbi.com.br/mbi/files/media/image/simbolopedia/municipio-barra-do-garcas-bandeira-mini-brcomt0201101803.jpg"
  },
  {
    "cidade": "Bom Jesus Do Araguaia",
    "url": "https://www.mbi.com.br/mbi/files/media/image/simbolopedia/municipio-bom-jesus-do-araguaia-bandeira-mini-brcomt0200901852.jpg"
  },
  {
    "cidade": "Brasnorte",
    "url": "https://www.mbi.com.br/mbi/files/media/image/simbolopedia/municipio-brasnorte-bandeira-mini-brcomt0100101902.jpg"
  },
  {
    "cidade": "Cáceres",
    "url": "https://www.mbi.com.br/mbi/files/media/image/simbolopedia/municipio-caceres-bandeira-mini-brcomt0401802504.jpg"
  },
  {
    "cidade": "Campinápolis",
    "url": "https://www.mbi.com.br/mbi/files/media/image/simbolopedia/municipio-campinapolis-bandeira-mini-brcomt0201002603.jpg"
  },
  {
    "cidade": "Campo Novo Do Parecis",
    "url": "https://www.mbi.com.br/mbi/files/media/image/simbolopedia/municipio-campo-novo-do-parecis-bandeira-mini-brcomt0100402637.jpg"
  },
  {
    "cidade": "Campo Verde",
    "url": "https://www.mbi.com.br/mbi/files/media/image/simbolopedia/municipio-campo-verde-bandeira-mini-brcomt0501902678.jpg"
  },
  {
    "cidade": "Campos De Júlio",
    "url": "https://www.mbi.com.br/mbi/files/media/image/simbolopedia/municipio-campos-de-julio-bandeira-mini-brcomt0100402686.jpg"
  },
  {
    "cidade": "Canabrava Do Norte",
    "url": "https://www.mbi.com.br/mbi/files/media/image/simbolopedia/municipio-canabrava-do-norte-bandeira-mini-brcomt0200902694.jpg"
  },
  {
    "cidade": "Canarana",
    "url": "https://www.mbi.com.br/mbi/files/media/image/simbolopedia/municipio-canarana-bandeira-mini-brcomt0201002702.jpg"
  },
  {
    "cidade": "Carlinda",
    "url": "https://www.mbi.com.br/mbi/files/media/image/simbolopedia/municipio-carlinda-bandeira-mini-brcomt0100202793.jpg"
  },
  {
    "cidade": "Castanheira",
    "url": "https://www.mbi.com.br/mbi/files/media/image/simbolopedia/municipio-castanheira-bandeira-mini-brcomt0100102850.jpg"
  },
  {
    "cidade": "Chapada Dos Guimarães",
    "url": "https://www.mbi.com.br/mbi/files/media/image/simbolopedia/municipio-chapada-dos-guimaraes-bandeira-mini-brcomt0401703007.jpg"
  },
  {
    "cidade": "Cláudia",
    "url": "https://www.mbi.com.br/mbi/files/media/image/simbolopedia/municipio-claudia-bandeira-mini-brcomt0100703056.jpg"
  },
  {
    "cidade": "Cocalinho",
    "url": "https://www.mbi.com.br/mbi/files/media/image/simbolopedia/municipio-cocalinho-bandeira-mini-brcomt0201103106.jpg"
  },
  {
    "cidade": "Colíder",
    "url": "https://www.mbi.com.br/mbi/files/media/image/simbolopedia/municipio-colider-bandeira-mini-brcomt0100303205.jpg"
  },
  {
    "cidade": "Colniza",
    "url": "https://www.mbi.com.br/mbi/files/media/image/simbolopedia/municipio-colniza-bandeira-mini-brcomt0100103254.jpg"
  },
  {
    "cidade": "Comodoro",
    "url": "https://www.mbi.com.br/mbi/files/media/image/simbolopedia/municipio-comodoro-bandeira-mini-brcomt0100403304.jpg"
  },
  {
    "cidade": "Confresa",
    "url": "https://www.mbi.com.br/mbi/files/media/image/simbolopedia/municipio-confresa-bandeira-mini-brcomt0200903353.jpg"
  },
  {
    "cidade": "Conquista D'Oeste",
    "url": "https://www.mbi.com.br/mbi/files/media/image/simbolopedia/municipio-conquista-d-oeste-bandeira-mini-brcomt0301203361.jpg"
  },
  {
    "cidade": "Cotriguaçu",
    "url": "https://www.mbi.com.br/mbi/files/media/image/simbolopedia/municipio-cotriguacu-bandeira-mini-brcomt0100103379.jpg"
  },
  {
    "cidade": "Cuiabá",
    "url": "https://www.mbi.com.br/mbi/files/media/image/simbolopedia/municipio-cuiaba-bandeira-mini-brcomt0401703403.jpg"
  },
  {
    "cidade": "Curvelândia",
    "url": "https://www.mbi.com.br/mbi/files/media/image/simbolopedia/municipio-curvelandia-bandeira-mini-brcomt0401803437.jpg"
  },
  {
    "cidade": "Denise",
    "url": "https://www.mbi.com.br/mbi/files/media/image/simbolopedia/municipio-denise-bandeira-mini-brcomt0301303452.jpg"
  },
  {
    "cidade": "Diamantino",
    "url": "https://www.mbi.com.br/mbi/files/media/image/simbolopedia/municipio-diamantino-bandeira-mini-brcomt0100403502.jpg"
  },
  {
    "cidade": "Dom Aquino",
    "url": "https://www.mbi.com.br/mbi/files/media/image/simbolopedia/municipio-dom-aquino-bandeira-mini-brcomt0502103601.jpg"
  },
  {
    "cidade": "Feliz Natal",
    "url": "https://www.mbi.com.br/mbi/files/media/image/simbolopedia/municipio-feliz-natal-bandeira-mini-brcomt0100703700.jpg"
  },
  {
    "cidade": "Figueirópolis D'Oeste",
    "url": "https://www.mbi.com.br/mbi/files/media/image/simbolopedia/municipio-figueiropolis-d-oeste-bandeira-mini-brcomt0301403809.jpg"
  },
  {
    "cidade": "Gaúcha Do Norte",
    "url": "https://www.mbi.com.br/mbi/files/media/image/simbolopedia/municipio-gaucha-do-norte-bandeira-mini-brcomt0100803858.jpg"
  },
  {
    "cidade": "General Carneiro",
    "url": "https://www.mbi.com.br/mbi/files/media/image/simbolopedia/municipio-general-carneiro-bandeira-mini-brcomt0502003908.jpg"
  },
  {
    "cidade": "Glória D'Oeste",
    "url": "https://www.mbi.com.br/mbi/files/media/image/simbolopedia/municipio-gloria-d-oeste-bandeira-mini-brcomt0301403957.jpg"
  },
  {
    "cidade": "Guarantã Do Norte",
    "url": "https://www.mbi.com.br/mbi/files/media/image/simbolopedia/municipio-guaranta-do-norte-bandeira-mini-brcomt0100304104.jpg"
  },
  {
    "cidade": "Guiratinga",
    "url": "https://www.mbi.com.br/mbi/files/media/image/simbolopedia/municipio-guiratinga-bandeira-mini-brcomt0502004203.jpg"
  },
  {
    "cidade": "Indiavaí",
    "url": "https://www.mbi.com.br/mbi/files/media/image/simbolopedia/municipio-indiavai-bandeira-mini-brcomt0301404500.jpg"
  },
  {
    "cidade": "Ipiranga Do Norte",
    "url": "https://www.mbi.com.br/mbi/files/media/image/simbolopedia/municipio-ipiranga-do-norte-bandeira-mini-brcomt0100604526.jpg"
  },
  {
    "cidade": "Itanhangá",
    "url": "https://www.mbi.com.br/mbi/files/media/image/simbolopedia/municipio-itanhanga-bandeira-mini-brcomt0100504542.jpg"
  },
  {
    "cidade": "Itaúba",
    "url": "https://www.mbi.com.br/mbi/files/media/image/simbolopedia/municipio-itauba-bandeira-mini-brcomt0100704559.jpg"
  },
  {
    "cidade": "Itiquira",
    "url": "https://www.mbi.com.br/mbi/files/media/image/simbolopedia/municipio-itiquira-bandeira-mini-brcomt0502104609.jpg"
  },
  {
    "cidade": "Jaciara",
    "url": "https://www.mbi.com.br/mbi/files/media/image/simbolopedia/municipio-jaciara-bandeira-mini-brcomt0502104807.jpg"
  },
  {
    "cidade": "Jangada",
    "url": "https://www.mbi.com.br/mbi/files/media/image/simbolopedia/municipio-jangada-bandeira-mini-brcomt0401604906.jpg"
  },
  {
    "cidade": "Jauru",
    "url": "https://www.mbi.com.br/mbi/files/media/image/simbolopedia/municipio-jauru-bandeira-mini-brcomt0301405002.jpg"
  },
  {
    "cidade": "Juara",
    "url": "https://www.mbi.com.br/mbi/files/media/image/simbolopedia/municipio-juara-bandeira-mini-brcomt0100505101.jpg"
  },
  {
    "cidade": "Juína",
    "url": "https://www.mbi.com.br/mbi/files/media/image/simbolopedia/municipio-juina-bandeira-mini-brcomt0100105150.jpg"
  },
  {
    "cidade": "Juruena",
    "url": "https://www.mbi.com.br/mbi/files/media/image/simbolopedia/municipio-juruena-bandeira-mini-brcomt0100105176.jpg"
  },
  {
    "cidade": "Juscimeira",
    "url": "https://www.mbi.com.br/mbi/files/media/image/simbolopedia/municipio-juscimeira-bandeira-mini-brcomt0502105200.jpg"
  },
  {
    "cidade": "Lambari D'Oeste",
    "url": "https://www.mbi.com.br/mbi/files/media/image/simbolopedia/municipio-lambari-d-oeste-bandeira-mini-brcomt0301405234.jpg"
  },
  {
    "cidade": "Lucas Do Rio Verde",
    "url": "https://www.mbi.com.br/mbi/files/media/image/simbolopedia/municipio-lucas-do-rio-verde-bandeira-mini-brcomt0100605259.jpg"
  },
  {
    "cidade": "Luciara",
    "url": "https://www.mbi.com.br/mbi/files/media/image/simbolopedia/municipio-luciara-bandeira-mini-brcomt0200905309.jpg"
  },
  {
    "cidade": "Marcelândia",
    "url": "https://www.mbi.com.br/mbi/files/media/image/simbolopedia/municipio-marcelandia-bandeira-mini-brcomt0100705580.jpg"
  },
  {
    "cidade": "Matupá",
    "url": "https://www.mbi.com.br/mbi/files/media/image/simbolopedia/municipio-matupa-bandeira-mini-brcomt0100305606.jpg"
  },
  {
    "cidade": "Mirassol D'Oeste",
    "url": "https://www.mbi.com.br/mbi/files/media/image/simbolopedia/municipio-mirassol-d-oeste-bandeira-mini-brcomt0301405622.jpg"
  },
  {
    "cidade": "Nobres",
    "url": "https://www.mbi.com.br/mbi/files/media/image/simbolopedia/municipio-nobres-bandeira-mini-brcomt0100605903.jpg"
  },
  {
    "cidade": "Nortelândia",
    "url": "https://www.mbi.com.br/mbi/files/media/image/simbolopedia/municipio-nortelandia-bandeira-mini-brcomt0401506000.jpg"
  },
  {
    "cidade": "Nossa Senhora Do Livramento",
    "url": "https://www.mbi.com.br/mbi/files/media/image/simbolopedia/municipio-nossa-senhora-do-livramento-bandeira-mini-brcomt0401706109.jpg"
  },
  {
    "cidade": "Nova Bandeirantes",
    "url": "https://www.mbi.com.br/mbi/files/media/image/simbolopedia/municipio-nova-bandeirantes-bandeira-mini-brcomt0100206158.jpg"
  },
  {
    "cidade": "Nova Brasilândia",
    "url": "https://www.mbi.com.br/mbi/files/media/image/simbolopedia/municipio-nova-brasilandia-bandeira-mini-brcomt0100806208.jpg"
  },
  {
    "cidade": "Nova Canaã Do Norte",
    "url": "https://www.mbi.com.br/mbi/files/media/image/simbolopedia/municipio-nova-canaa-do-norte-bandeira-mini-brcomt0100306216.jpg"
  },
  {
    "cidade": "Nova Guarita",
    "url": "https://www.mbi.com.br/mbi/files/media/image/simbolopedia/municipio-nova-guarita-bandeira-mini-brcomt0100308808.jpg"
  },
  {
    "cidade": "Nova Lacerda",
    "url": "https://www.mbi.com.br/mbi/files/media/image/simbolopedia/municipio-nova-lacerda-bandeira-mini-brcomt0301206182.jpg"
  },
  {
    "cidade": "Nova Marilândia",
    "url": "https://www.mbi.com.br/mbi/files/media/image/simbolopedia/municipio-nova-marilandia-bandeira-mini-brcomt0401508857.jpg"
  },
  {
    "cidade": "Nova Maringá",
    "url": "https://www.mbi.com.br/mbi/files/media/image/simbolopedia/municipio-nova-maringa-bandeira-mini-brcomt0100508907.jpg"
  },
  {
    "cidade": "Nova Monte Verde",
    "url": "https://www.mbi.com.br/mbi/files/media/image/simbolopedia/municipio-nova-monte-verde-bandeira-mini-brcomt0100208956.jpg"
  },
  {
    "cidade": "Nova Mutum",
    "url": "https://www.mbi.com.br/mbi/files/media/image/simbolopedia/municipio-nova-mutum-bandeira-mini-brcomt0100606224.jpg"
  },
  {
    "cidade": "Nova Nazaré",
    "url": "https://www.mbi.com.br/mbi/files/media/image/simbolopedia/municipio-nova-nazare-bandeira-mini-brcomt0201006174.jpg"
  },
  {
    "cidade": "Nova Olímpia",
    "url": "https://www.mbi.com.br/mbi/files/media/image/simbolopedia/municipio-nova-olimpia-bandeira-mini-brcomt0301306232.jpg"
  },
  {
    "cidade": "Nova Santa Helena",
    "url": "https://www.mbi.com.br/mbi/files/media/image/simbolopedia/municipio-nova-santa-helena-bandeira-mini-brcomt0100706190.jpg"
  },
  {
    "cidade": "Nova Ubiratã",
    "url": "https://www.mbi.com.br/mbi/files/media/image/simbolopedia/municipio-nova-ubirata-bandeira-mini-brcomt0100606240.jpg"
  },
  {
    "cidade": "Nova Xavantina",
    "url": "https://www.mbi.com.br/mbi/files/media/image/simbolopedia/municipio-nova-xavantina-bandeira-mini-brcomt0201006257.jpg"
  },
  {
    "cidade": "Novo Horizonte Do Norte",
    "url": "https://www.mbi.com.br/mbi/files/media/image/simbolopedia/municipio-novo-horizonte-do-norte-bandeira-mini-brcomt0100506273.jpg"
  },
  {
    "cidade": "Novo Mundo",
    "url": "https://www.mbi.com.br/mbi/files/media/image/simbolopedia/municipio-novo-mundo-bandeira-mini-brcomt0100306265.jpg"
  },
  {
    "cidade": "Novo Santo Antônio",
    "url": "https://www.mbi.com.br/mbi/files/media/image/simbolopedia/municipio-novo-santo-antonio-bandeira-mini-brcomt0200906315.jpg"
  },
  {
    "cidade": "Novo São Joaquim",
    "url": "https://www.mbi.com.br/mbi/files/media/image/simbolopedia/municipio-novo-sao-joaquim-bandeira-mini-brcomt0201006281.jpg"
  },
  {
    "cidade": "Paranaíta",
    "url": "https://www.mbi.com.br/mbi/files/media/image/simbolopedia/municipio-paranaita-bandeira-mini-brcomt0100206299.jpg"
  },
  {
    "cidade": "Paranatinga",
    "url": "https://www.mbi.com.br/mbi/files/media/image/simbolopedia/municipio-paranatinga-bandeira-mini-brcomt0100806307.jpg"
  },
  {
    "cidade": "Pedra Preta",
    "url": "https://www.mbi.com.br/mbi/files/media/image/simbolopedia/municipio-pedra-preta-bandeira-mini-brcomt0502106372.jpg"
  },
  {
    "cidade": "Peixoto De Azevedo",
    "url": "https://www.mbi.com.br/mbi/files/media/image/simbolopedia/municipio-peixoto-de-azevedo-bandeira-mini-brcomt0100306422.jpg"
  },
  {
    "cidade": "Planalto Da Serra",
    "url": "https://www.mbi.com.br/mbi/files/media/image/simbolopedia/municipio-planalto-da-serra-bandeira-mini-brcomt0100806455.jpg"
  },
  {
    "cidade": "Poconé",
    "url": "https://www.mbi.com.br/mbi/files/media/image/simbolopedia/municipio-pocone-bandeira-mini-brcomt0401806505.jpg"
  },
  {
    "cidade": "Pontal Do Araguaia",
    "url": "https://www.mbi.com.br/mbi/files/media/image/simbolopedia/municipio-pontal-do-araguaia-bandeira-mini-brcomt0502006653.jpg"
  },
  {
    "cidade": "Ponte Branca",
    "url": "https://www.mbi.com.br/mbi/files/media/image/simbolopedia/municipio-ponte-branca-bandeira-mini-brcomt0502006703.jpg"
  },
  {
    "cidade": "Pontes E Lacerda",
    "url": "https://www.mbi.com.br/mbi/files/media/image/simbolopedia/municipio-pontes-e-lacerda-bandeira-mini-brcomt0301206752.jpg"
  },
  {
    "cidade": "Porto Alegre Do Norte",
    "url": "https://www.mbi.com.br/mbi/files/media/image/simbolopedia/municipio-porto-alegre-do-norte-bandeira-mini-brcomt0200906778.jpg"
  },
  {
    "cidade": "Porto Dos Gaúchos",
    "url": "https://www.mbi.com.br/mbi/files/media/image/simbolopedia/municipio-porto-dos-gauchos-bandeira-mini-brcomt0100506802.jpg"
  },
  {
    "cidade": "Porto Esperidião",
    "url": "https://www.mbi.com.br/mbi/files/media/image/simbolopedia/municipio-porto-esperidiao-bandeira-mini-brcomt0301406828.jpg"
  },
  {
    "cidade": "Porto Estrela",
    "url": "https://www.mbi.com.br/mbi/files/media/image/simbolopedia/municipio-porto-estrela-bandeira-mini-brcomt0301306851.jpg"
  },
  {
    "cidade": "Poxoréo",
    "url": "https://www.mbi.com.br/mbi/files/media/image/simbolopedia/municipio-poxoreo-bandeira-mini-brcomt0502007008.jpg"
  },
  {
    "cidade": "Primavera Do Leste",
    "url": "https://www.mbi.com.br/mbi/files/media/image/simbolopedia/municipio-primavera-do-leste-bandeira-mini-brcomt0501907040.jpg"
  },
  {
    "cidade": "Querência",
    "url": "https://www.mbi.com.br/mbi/files/media/image/simbolopedia/municipio-querencia-bandeira-mini-brcomt0201007065.jpg"
  },
  {
    "cidade": "Reserva Do Cabaçal",
    "url": "https://www.mbi.com.br/mbi/files/media/image/simbolopedia/municipio-reserva-do-cabacal-bandeira-mini-brcomt0301407156.jpg"
  },
  {
    "cidade": "Ribeirão Cascalheira",
    "url": "https://www.mbi.com.br/mbi/files/media/image/simbolopedia/municipio-ribeirao-cascalheira-bandeira-mini-brcomt0200907180.jpg"
  },
  {
    "cidade": "Ribeirãozinho",
    "url": "https://www.mbi.com.br/mbi/files/media/image/simbolopedia/municipio-ribeiraozinho-bandeira-mini-brcomt0502007198.jpg"
  },
  {
    "cidade": "Rio Branco",
    "url": "https://www.mbi.com.br/mbi/files/media/image/simbolopedia/municipio-rio-branco-bandeira-mini-brcomt0301407206.jpg"
  },
  {
    "cidade": "Rondolândia",
    "url": "https://www.mbi.com.br/mbi/files/media/image/simbolopedia/municipio-rondolandia-bandeira-mini-brcomt0100107578.jpg"
  },
  {
    "cidade": "Rondonópolis",
    "url": "https://www.mbi.com.br/mbi/files/media/image/simbolopedia/municipio-rondonopolis-bandeira-mini-brcomt0502107602.jpg"
  },
  {
    "cidade": "Rosário Oeste",
    "url": "https://www.mbi.com.br/mbi/files/media/image/simbolopedia/municipio-rosario-oeste-bandeira-mini-brcomt0401607701.jpg"
  },
  {
    "cidade": "Salto Do Céu",
    "url": "https://www.mbi.com.br/mbi/files/media/image/simbolopedia/municipio-salto-do-ceu-bandeira-mini-brcomt0301407750.jpg"
  },
  {
    "cidade": "Santa Carmem",
    "url": "https://www.mbi.com.br/mbi/files/media/image/simbolopedia/municipio-santa-carmem-bandeira-mini-brcomt0100707248.jpg"
  },
  {
    "cidade": "Santa Cruz Do Xingu",
    "url": "https://www.mbi.com.br/mbi/files/media/image/simbolopedia/municipio-santa-cruz-do-xingu-bandeira-mini-brcomt0200907743.jpg"
  },
  {
    "cidade": "Santa Rita Do Trivelato",
    "url": "https://www.mbi.com.br/mbi/files/media/image/simbolopedia/municipio-santa-rita-do-trivelato-bandeira-mini-brcomt0100607768.jpg"
  },
  {
    "cidade": "Santa Terezinha",
    "url": "https://www.mbi.com.br/mbi/files/media/image/simbolopedia/municipio-santa-terezinha-bandeira-mini-brcomt0200907776.jpg"
  },
  {
    "cidade": "Santo Afonso",
    "url": "https://www.mbi.com.br/mbi/files/media/image/simbolopedia/municipio-santo-afonso-bandeira-mini-brcomt0401507263.jpg"
  },
  {
    "cidade": "Santo Antônio Do Leste",
    "url": "https://www.mbi.com.br/mbi/files/media/image/simbolopedia/municipio-santo-antonio-do-leste-bandeira-mini-brcomt0201007792.jpg"
  },
  {
    "cidade": "Santo Antônio Do Leverger",
    "url": "https://www.mbi.com.br/mbi/files/media/image/simbolopedia/municipio-santo-antonio-do-leverger-bandeira-mini-brcomt0401707800.jpg"
  },
  {
    "cidade": "São Félix Do Araguaia",
    "url": "https://www.mbi.com.br/mbi/files/media/image/simbolopedia/municipio-sao-felix-do-araguaia-bandeira-mini-brcomt0200907859.jpg"
  },
  {
    "cidade": "São José Do Povo",
    "url": "https://www.mbi.com.br/mbi/files/media/image/simbolopedia/municipio-sao-jose-do-povo-bandeira-mini-brcomt0502107297.jpg"
  },
  {
    "cidade": "São José Do Rio Claro",
    "url": "https://www.mbi.com.br/mbi/files/media/image/simbolopedia/municipio-sao-jose-do-rio-claro-bandeira-mini-brcomt0100507305.jpg"
  },
  {
    "cidade": "São José Do Xingu",
    "url": "https://www.mbi.com.br/mbi/files/media/image/simbolopedia/municipio-sao-jose-do-xingu-bandeira-mini-brcomt0200907354.jpg"
  },
  {
    "cidade": "São José Dos Quatro Marcos",
    "url": "https://www.mbi.com.br/mbi/files/media/image/simbolopedia/municipio-sao-jose-dos-quatro-marcos-bandeira-mini-brcomt0301407107.jpg"
  },
  {
    "cidade": "São Pedro Da Cipa",
    "url": "https://www.mbi.com.br/mbi/files/media/image/simbolopedia/municipio-sao-pedro-da-cipa-bandeira-mini-brcomt0502107404.jpg"
  },
  {
    "cidade": "Sapezal",
    "url": "https://www.mbi.com.br/mbi/files/media/image/simbolopedia/municipio-sapezal-bandeira-mini-brcomt0100407875.jpg"
  },
  {
    "cidade": "Serra Nova Dourada",
    "url": "https://www.mbi.com.br/mbi/files/media/image/simbolopedia/municipio-serra-nova-dourada-bandeira-mini-brcomt0200907883.jpg"
  },
  {
    "cidade": "Sinop",
    "url": "https://www.mbi.com.br/mbi/files/media/image/simbolopedia/municipio-sinop-bandeira-mini-brcomt0100707909.jpg"
  },
  {
    "cidade": "Sorriso",
    "url": "https://www.mbi.com.br/mbi/files/media/image/simbolopedia/municipio-sorriso-bandeira-mini-brcomt0100607925.jpg"
  },
  {
    "cidade": "Tabaporã",
    "url": "https://www.mbi.com.br/mbi/files/media/image/simbolopedia/municipio-tabapora-bandeira-mini-brcomt0100507941.jpg"
  },
  {
    "cidade": "Tangará Da Serra",
    "url": "https://www.mbi.com.br/mbi/files/media/image/simbolopedia/municipio-tangara-da-serra-bandeira-mini-brcomt0301307958.jpg"
  },
  {
    "cidade": "Tapurah",
    "url": "https://www.mbi.com.br/mbi/files/media/image/simbolopedia/municipio-tapurah-bandeira-mini-brcomt0100608006.jpg"
  },
  {
    "cidade": "Terra Nova Do Norte",
    "url": "https://www.mbi.com.br/mbi/files/media/image/simbolopedia/municipio-terra-nova-do-norte-bandeira-mini-brcomt0100308055.jpg"
  },
  {
    "cidade": "Tesouro",
    "url": "https://www.mbi.com.br/mbi/files/media/image/simbolopedia/municipio-tesouro-bandeira-mini-brcomt0502008105.jpg"
  },
  {
    "cidade": "Torixoréu",
    "url": "https://www.mbi.com.br/mbi/files/media/image/simbolopedia/municipio-torixoreu-bandeira-mini-brcomt0502008204.jpg"
  },
  {
    "cidade": "União Do Sul",
    "url": "https://www.mbi.com.br/mbi/files/media/image/simbolopedia/municipio-uniao-do-sul-bandeira-mini-brcomt0100708303.jpg"
  },
  {
    "cidade": "Vale De São Domingos",
    "url": "https://www.mbi.com.br/mbi/files/media/image/simbolopedia/municipio-vale-de-sao-domingos-bandeira-mini-brcomt0301208352.jpg"
  },
  {
    "cidade": "Várzea Grande",
    "url": "https://www.mbi.com.br/mbi/files/media/image/simbolopedia/municipio-varzea-grande-bandeira-mini-brcomt0401708402.jpg"
  },
  {
    "cidade": "Vera",
    "url": "https://www.mbi.com.br/mbi/files/media/image/simbolopedia/municipio-vera-bandeira-mini-brcomt0100708501.jpg"
  },
  {
    "cidade": "Vila Bela Da Santíssima Trindade",
    "url": "https://www.mbi.com.br/mbi/files/media/image/simbolopedia/municipio-vila-bela-da-santissima-trindade-bandeira-mini-brcomt0301205507.jpg"
  },
  {
    "cidade": "Vila Rica",
    "url": "https://www.mbi.com.br/mbi/files/media/image/simbolopedia/municipio-vila-rica-bandeira-mini-brcomt0200908600.jpg"
  }
]